[
  {
    "id": "102",
    "label": "City (via Freeway)",
    "type": "freeway",
    "origin": "Khayelitsha",
    "destination": "Cape Town CBD",
    "time": "45-60 min",
    "stops": "8 stops",
    "description": "N2 Freeway, Mowbray, Woodstock",
    "tradeoffs": "Fastest option but limited stops. Good for direct CBD travel."
  },
  {
    "id": "104",
    "label": "City (via NY108)",
    "type": "local",
    "origin": "Khayelitsha",
    "destination": "Cape Town Station",
    "time": "60-75 min",
    "stops": "15 stops",
    "description": "Gugulethu, Langa, Salt River",
    "tradeoffs": "More stops, longer journey. Better for accessing townships."
  },
  {
    "id": "201",
    "label": "City Express",
    "type": "freeway",
    "origin": "Mitchells Plain",
    "destination": "Cape Town CBD",
    "time": "40-50 min",
    "stops": "6 stops",
    "description": "Direct N2, limited stops",
    "tradeoffs": "Fastest from Mitchells Plain but very few stops."
  },
  {
    "id": "106",
    "label": "Bellville",
    "type": "freeway",
    "origin": "Khayelitsha",
    "destination": "Bellville Station",
    "time": "50-65 min",
    "stops": "10 stops",
    "description": "R300 corridor, Belhar",
    "tradeoffs": "Direct route to Bellville. Fewer stops than local."
  },
  {
    "id": "108",
    "label": "Bellville (via UWC)",
    "type": "local",
    "origin": "Khayelitsha",
    "destination": "Bellville Station",
    "time": "65-80 min",
    "stops": "18 stops",
    "description": "UWC Campus, Sack Circle",
    "tradeoffs": "Longer route but convenient for UWC access."
  },
  {
    "id": "301",
    "label": "Durbanville",
    "type": "local",
    "origin": "Bellville Station",
    "destination": "Durbanville Mall",
    "time": "35-45 min",
    "stops": "12 stops",
    "description": "Tygervalley, Durbanville CBD",
    "tradeoffs": "Good for northern suburbs shopping and business."
  },
  {
    "id": "302",
    "label": "Century City",
    "type": "freeway",
    "origin": "Cape Town Station",
    "destination": "Century City Mall",
    "time": "25-35 min",
    "stops": "7 stops",
    "description": "Salt River, Milnerton",
    "tradeoffs": "Fast route to shopping and entertainment hub."
  },
  {
    "id": "303",
    "label": "Blaauwberg (via Century City)",
    "type": "freeway",
    "origin": "Khayelitsha",
    "destination": "Blaauwberg Beach",
    "time": "70-85 min",
    "stops": "12 stops",
    "description": "N2, Century City, Table View",
    "tradeoffs": "Long journey but scenic coastal route."
  },
  {
    "id": "401",
    "label": "Wynberg",
    "type": "local",
    "origin": "Cape Town CBD",
    "destination": "Wynberg",
    "time": "30-40 min",
    "stops": "10 stops",
    "description": "Claremont, Kenilworth",
    "tradeoffs": "Main Road corridor, good for southern suburbs."
  },
  {
    "id": "402",
    "label": "Claremont",
    "type": "local",
    "origin": "Cape Town CBD",
    "destination": "Claremont",
    "time": "25-35 min",
    "stops": "8 stops",
    "description": "Main Road corridor",
    "tradeoffs": "Direct route to Claremont shopping district."
  },
  {
    "id": "501",
    "label": "Strand",
    "type": "freeway",
    "origin": "Cape Town CBD",
    "destination": "Strand",
    "time": "50-65 min",
    "stops": "10 stops",
    "description": "Somerset West corridor",
    "tradeoffs": "Direct route to False Bay coast."
  },
  {
    "id": "502",
    "label": "Somerset West",
    "type": "freeway",
    "origin": "Cape Town CBD",
    "destination": "Somerset West",
    "time": "55-70 min",
    "stops": "11 stops",
    "description": "N2 corridor east",
    "tradeoffs": "Good for Helderberg region access."
  },
  {
    "id": "601",
    "label": "Malmesbury",
    "type": "freeway",
    "origin": "Cape Town CBD",
    "destination": "Malmesbury",
    "time": "75-90 min",
    "stops": "8 stops",
    "description": "Mamre, Atlantis",
    "tradeoffs": "Long distance route to Swartland region."
  },
  {
    "id": "602",
    "label": "Atlantis",
    "type": "freeway",
    "origin": "Cape Town CBD",
    "destination": "Atlantis",
    "time": "60-75 min",
    "stops": "9 stops",
    "description": "Blaauwberg, Mamre",
    "tradeoffs": "Direct route to West Coast industrial area."
  },
  {
    "id": "701",
    "label": "Bellville → Cape Town CBD",
    "type": "freeway",
    "origin": "Bellville Station",
    "destination": "Cape Town CBD",
    "time": "30-40 min",
    "stops": "9 stops",
    "description": "Voortrekker Rd, Salt River",
    "tradeoffs": "Main commuter route between two major hubs."
  },
  {
    "id": "702",
    "label": "Bellville → Durbanville",
    "type": "local",
    "origin": "Bellville Station",
    "destination": "Durbanville Mall",
    "time": "35-45 min",
    "stops": "12 stops",
    "description": "Tygervalley, Durbanville CBD",
    "tradeoffs": "Connects two northern suburbs business districts."
  }
]
