[
  {
    "busLabel": "City (via Freeway)",
    "origin": "Khayelitsha",
    "endPoint": "Cape Town CBD",
    "corridorNotes": [
      "Harare", "Makhaya", "KDH", "Khayelitsha Mall", "Greenpoint",
      "Ilitha Park", "Bonjour", "Mew Way", "N2 Freeway",
      "Observatory Exit", "GSH", "Salt River", "Woodstock", "CBD"
    ]
  },
  {
    "busLabel": "City (via NY108)",
    "origin": "Khayelitsha",
    "endPoint": "Cape Town CBD",
    "corridorNotes": [
      "Site C", "Khwezi", "Luzuko", "Phillipi", "Nyanga Terminus",
      "N2 Freeway", "Observatory Exit", "GSH", "Salt River", "Woodstock", "CBD"
    ]
  },
  {
    "busLabel": "City Express",
    "origin": "Khayelitsha",
    "endPoint": "Cape Town CBD",
    "corridorNotes": [
      "Enkanini", "Harare", "Ilitha Park", "Mew Way",
      "Direct N2 Freeway", "CBD"
    ]
  },
  {
    "busLabel": "Bellville (Term)",
    "origin": "Khayelitsha",
    "endPoint": "Bellville Station",
    "corridorNotes": [
      "Phillipi", "New Eisleben Rd", "Airport Side", "UWC",
      "Symphony Way", "Bellville Station"
    ]
  },
  {
    "busLabel": "Bellville (via UWC, Sacks Circle)",
    "origin": "Khayelitsha",
    "endPoint": "Bellville Station",
    "corridorNotes": [
      "Phillipi", "UWC", "Pentech", "Bellville South", "Bellville Station"
    ]
  },
  {
    "busLabel": "Bellville (via R300)",
    "origin": "Khayelitsha",
    "endPoint": "Bellville Station",
    "corridorNotes": [
      "Harare", "Mew Way", "Driftsands", "N2 Freeway", "R300", "Bellville Station"
    ]
  },
  {
    "busLabel": "Durbanville",
    "origin": "Bellville Station",
    "endPoint": "Durbanville Mall",
    "corridorNotes": ["Tygervalley", "Durbanville CBD"]
  },
  {
    "busLabel": "Century City (from Cape Town)",
    "origin": "Cape Town Station",
    "endPoint": "Century City Mall",
    "corridorNotes": ["Salt River", "Milnerton"]
  },
  {
    "busLabel": "Century City (from Khayelitsha)",
    "origin": "Khayelitsha",
    "endPoint": "Century City Mall",
    "corridorNotes": [
      "Route 1: Mew Way → N2 → Milnerton Exit",
      "Route 2: Nyanga → N2 → Milnerton Exit"
    ]
  },
  {
    "busLabel": "Blaauwberg (via Century City)",
    "origin": "Khayelitsha",
    "endPoint": "Blaauwberg Beach",
    "corridorNotes": [
      "Century City", "Table View", "Blaauwberg"
    ]
  },
  {
    "busLabel": "Mowbray",
    "origin": "Khayelitsha",
    "endPoint": "Mowbray",
    "corridorNotes": [
      "Townships", "Phillipi", "Lansdowne", "Athlone", "Mowbray"
    ]
  },
  {
    "busLabel": "City (via NY3A)",
    "origin": "Khayelitsha",
    "endPoint": "Cape Town CBD",
    "corridorNotes": [
      "Phillipi", "Lansdowne", "Athlone", "Mowbray",
      "Observatory", "Salt River", "Woodstock", "CBD"
    ]
  },
  {
    "busLabel": "Wynberg",
    "origin": "Cape Town CBD",
    "endPoint": "Wynberg",
    "corridorNotes": ["Claremont", "Kenilworth"]
  },
  {
    "busLabel": "Claremont",
    "origin": "Cape Town CBD",
    "endPoint": "Claremont",
    "corridorNotes": ["Main Road Corridor"]
  },
  {
    "busLabel": "Wynberg/Claremont (from Khayelitsha)",
    "origin": "Khayelitsha",
    "endPoint": "Wynberg/Claremont",
    "corridorNotes": [
      "Phillipi", "Lansdowne", "Athlone", "Wynberg/Claremont"
    ]
  },
  {
    "busLabel": "Strand",
    "origin": "Cape Town CBD",
    "endPoint": "Strand",
    "corridorNotes": ["Somerset West Corridor"]
  },
  {
    "busLabel": "Somerset West",
    "origin": "Cape Town CBD",
    "endPoint": "Somerset West",
    "corridorNotes": ["N2 Corridor East"]
  },
  {
    "busLabel": "Malmesbury",
    "origin": "Cape Town CBD",
    "endPoint": "Malmesbury",
    "corridorNotes": ["Mamre", "Atlantis"]
  },
  {
    "busLabel": "Atlantis",
    "origin": "Cape Town CBD",
    "endPoint": "Atlantis",
    "corridorNotes": ["Blaauwberg", "Mamre"]
  },
  {
    "busLabel": "Bellville → Cape Town CBD",
    "origin": "Bellville Station",
    "endPoint": "Cape Town CBD",
    "corridorNotes": ["Voortrekker Rd", "Salt River"]
  },
  {
    "busLabel": "Bellville → Durbanville",
    "origin": "Bellville Station",
    "endPoint": "Durbanville Mall",
    "corridorNotes": ["Tygervalley", "Durbanville CBD"]
  }
]
