{
  "routes": {
    "khayelitsha_to_city": [
      {
        "id": "city_express",
        "label": "City Express",
        "type": "freeway",
        "time": "45-60min",
        "avgTime": 52,
        "stops": 8,
        "origin": "Enkanini, Khayelitsha",
        "destination": "Cape Town Central",
        "description": "Fastest option via Freeway, no exit until Cape Town central",
        "tradeoffs": "Faster but limited stops - best for direct trips to city center"
      },
      {
        "id": "city_freeway",
        "label": "City",
        "type": "freeway",
        "time": "50-65min",
        "avgTime": 57,
        "stops": 10,
        "origin": "Harare False Bay, Khayelitsha",
        "destination": "Cape Town via Observatory",
        "description": "Via Freeway, exit at Observatory",
        "tradeoffs": "Slightly slower but stops at Observatory area"
      },
      {
        "id": "city_freeway_driftsands",
        "label": "City Freeway via Driftsands",
        "type": "freeway",
        "time": "60-75min",
        "avgTime": 67,
        "stops": 12,
        "origin": "Khayelitsha",
        "destination": "Cape Town",
        "description": "Via Freeway with detour through Driftsands",
        "tradeoffs": "Adds 15 minutes but serves Driftsands area"
      },
      {
        "id": "cape_town_station",
        "label": "Cape Town Station",
        "type": "local",
        "time": "90-110min",
        "avgTime": 100,
        "stops": 22,
        "origin": "Khayelitsha",
        "destination": "Cape Town Station",
        "description": "Via Athlone and Mowbray (not freeway)",
        "tradeoffs": "Slower but many stops - serves Athlone, Mowbray, Salt River areas"
      },
      {
        "id": "city_ny3a",
        "label": "City via NY3A",
        "type": "local",
        "time": "95-115min",
        "avgTime": 105,
        "stops": 24,
        "origin": "Khayelitsha",
        "destination": "Cape Town",
        "description": "Via Nyanga, Gugulethu, Athlone, Mowbray",
        "tradeoffs": "Longest route but serves multiple townships - best for Nyanga/Gugulethu stops"
      },
      {
        "id": "city_ny108",
        "label": "City via NY108",
        "type": "local",
        "time": "95-115min",
        "avgTime": 105,
        "stops": 23,
        "origin": "Khayelitsha",
        "destination": "Cape Town",
        "description": "Via Nyanga/Gugulethu corridor, similar to NY3A",
        "tradeoffs": "Similar to NY3A but slightly different route through Gugulethu"
      }
    ],
    "khayelitsha_to_bellville": [
      {
        "id": "bellville_term",
        "label": "Bellville Term",
        "type": "local",
        "time": "55-70min",
        "avgTime": 62,
        "stops": 15,
        "origin": "New Eisleben, Khayelitsha",
        "destination": "Bellville Terminal",
        "description": "Via Airport side to Bellville",
        "tradeoffs": "Standard route with good coverage"
      },
      {
        "id": "bellville_uwc_sack",
        "label": "Bellville via UWC Sack Circle",
        "type": "local",
        "time": "60-75min",
        "avgTime": 67,
        "stops": 17,
        "origin": "Khayelitsha",
        "destination": "Bellville",
        "description": "Same as Bellville Term, detours through Bellville South",
        "tradeoffs": "Adds 5-10 minutes but serves Bellville South area"
      },
      {
        "id": "bellville_r300",
        "label": "Bellville via R300",
        "type": "freeway",
        "time": "40-50min",
        "avgTime": 45,
        "stops": 8,
        "origin": "Khayelitsha",
        "destination": "Bellville",
        "description": "Freeway (R300) direct to Bellville",
        "tradeoffs": "Fastest option but limited stops - best for direct Bellville trips"
      },
      {
        "id": "durbanville_via_bellville",
        "label": "Durbanville (via Bellville)",
        "type": "local",
        "time": "75-95min",
        "avgTime": 85,
        "stops": 20,
        "origin": "Khayelitsha",
        "destination": "Durbanville",
        "description": "Khayelitsha to Bellville to Durbanville",
        "tradeoffs": "Serves Bellville commuters along the way"
      }
    ]
  }
}
